Algo,MrOrder,Pruned-Leaves,Baseline_XVal_Acc.,Acc-XVal_Draw,Loss-XVal_Draw,Acc-XVal_NO_Draw,Loss-XVal_NO_Draw,Comp Time [s]
pertree_acc_heu,49,17510,92.11732355637031,90.52856706385579,1.58875649251452,90.86465016804155,1.3137794072716247,32.30931735038757
